sku,label
108710433.0,0
174320070.0,0
106008115.0,0
115628869.0,0
398253688.0,0
115113458.0,0
128222317.0,0
162990556.0,0
151949703.0,0
100116059.0,0
130079254.0,0
398257540.0,0
176903149.0,0
164744220.0,0
170040279.0,0
105936919.0,0
108702804.0,0
100848693.0,0
400123618.0,0
128521114.0,0
128279962.0,0
132004175.0,0
115600136.0,0
113469587.0,0
115608656.0,0
176903171.0,0
129906121.0,0
131995949.0,0
127277496.0,0
187835292.0,0
410674403.0,0
115856153.0,0
157645363.0,0
128304781.0,0
135419278.0,0
103494019.0,0
103376598.0,0
161553902.0,0
155123665.0,0
128508335.0,0
100420336.0,0
119163347.0,0
100942108.0,0
100948046.0,0
152760150.0,0
129172886.0,0
112293602.0,0
115118139.0,0
119393750.0,0
297840194.0,0
116689552.0,0
179691238.0,0
296519799.0,0
115613460.0,0
170643807.0,0
119111840.0,0
106724405.0,0
127815761.0,0
113470602.0,0
164945009.0,0
128303162.0,0
129283539.0,0
129909050.0,0
127871442.0,0
115576897.0,0
128231117.0,0
128001036.0,0
295455565.0,0
119163336.0,0
147436869.0,0
187721743.0,0
115654279.0,0
105958087.0,0
103347043.0,0
100270035.0,0
366323491.0,0
128132700.0,0
104596107.0,0
103668828.0,0
128156310.0,0
127844246.0,0
158398283.0,0
104834862.0,0
131287693.0,0
132164181.0,0
128088149.0,0
292386623.0,0
153610183.0,0
128313060.0,0
118900808.0,0
169559872.0,0
156768951.0,0
295775836.0,0
152115001.0,0
128282415.0,0
104782867.0,0
103348756.0,0
127849565.0,0
173629500.0,0
106661714.0,0
106201277.0,0
125073070.0,0
153939161.0,0
118114177.0,0
103514740.0,0
100097553.0,0
169229937.0,0
128456745.0,0
127021801.0,0
146446499.0,0
127806580.0,0
129038879.0,0
103345294.0,0
158070630.0,0
119597310.0,0
125506201.0,0
105112146.0,0
179759784.0,0
141271336.0,0
363441131.0,0
185136304.0,0
132004177.0,0
128214839.0,0
112861238.0,0
128301982.0,0
100834629.0,0
115648806.0,0
110121542.0,0
152739606.0,0
112767342.0,0
101644485.0,0
109951575.0,0
188514497.0,0
398272166.0,0
129064216.0,0
117480372.0,0
147863151.0,0
103506501.0,0
128454473.0,0
107554012.0,0
131346420.0,0
120968065.0,0
103378074.0,0
125559467.0,0
128657478.0,0
109887758.0,0
130040860.0,0
126355033.0,0
104074069.0,0
128319965.0,0
126858687.0,0
112627124.0,0
127958945.0,0
121765371.0,0
115701072.0,0
127968151.0,0
239292793.0,0
100986172.0,0
169696743.0,0
115854252.0,0
109130628.0,0
103348817.0,0
155638371.0,0
115856166.0,0
104430012.0,0
128507921.0,0
113600299.0,0
132162202.0,0
292522424.0,0
115657078.0,0
104396081.0,0
216913211.0,0
154085273.0,0
128373966.0,0
287818171.0,0
125579607.0,0
100378875.0,0
105104190.0,0
103345817.0,0
155632280.0,0
127964488.0,0
127358748.0,0
128107691.0,0
103510618.0,0
103355635.0,0
448119.0,0
129041810.0,0
115085736.0,0
103023107.0,0
125945980.0,0
107926701.0,0
153437174.0,0
118094846.0,0
117583562.0,0
100826174.0,0
151978483.0,0
103394347.0,0
122463621.0,0
120066162.0,0
105465019.0,0
112494410.0,0
120271505.0,0
129153556.0,0
128091371.0,0
132119022.0,0
128031512.0,0
103388353.0,0
290520391.0,0
103073295.0,0
114611627.0,0
128279864.0,0
129999739.0,0
103982213.0,0
114621113.0,0
109429949.0,0
127799627.0,0
176278040.0,0
132109398.0,0
128028576.0,0
132003224.0,0
103658324.0,0
158047294.0,0
127845663.0,0
103498352.0,0
104908536.0,0
448128.0,0
407992719.0,0
127572928.0,0
127960503.0,0
126890474.0,0
105709387.0,0
103351922.0,0
130104641.0,0
149396.0,0
115088454.0,0
162135471.0,0
105182483.0,0
113539896.0,0
103366912.0,0
115125111.0,0
115075972.0,0
101084024.0,0
104424103.0,0
112323137.0,0
129447852.0,0
129514543.0,0
128451488.0,0
184937875.0,0
105772333.0,0
108980381.0,0
279462592.0,0
185208184.0,0
354335143.0,0
154964458.0,0
164922230.0,0
116074656.0,0
114851546.0,0
132164169.0,0
108387873.0,0
114258042.0,0
128507932.0,0
114504116.0,0
128241182.0,0
159678538.0,0
105250331.0,0
109964365.0,0
289994974.0,0
135494200.0,0
127848147.0,0
105455157.0,0
104912580.0,0
131979138.0,0
105450089.0,0
128452923.0,0
103392045.0,0
130120709.0,0
129704612.0,0
129062922.0,0
187473158.0,0
146337554.0,0
103388357.0,0
109846262.0,0
110235355.0,0
111436435.0,0
100110460.0,0
103344306.0,0
104400424.0,0
105100340.0,0
127367209.0,0
155489394.0,0
155992576.0,0
104114267.0,0
129234242.0,0
128038990.0,0
100426019.0,0
290839305.0,0
104058095.0,0
105492383.0,0
112185351.0,0
294880114.0,0
411524.0,0
171406247.0,0
153564035.0,0
104858231.0,0
127354984.0,0
112457373.0,0
155044183.0,0
128454461.0,0
418115500.0,0
103368926.0,0
113542869.0,0
129481407.0,0
104832608.0,0
168778785.0,0
122247872.0,0
110241016.0,0
128317572.0,0
101166382.0,0
152109051.0,0
103345120.0,0
415806959.0,0
106843886.0,0
105875267.0,0
129857086.0,0
332316666.0,0
108457009.0,0
149409856.0,0
100247103.0,0
169567660.0,0
107545788.0,0
100107569.0,0
108754384.0,0
108786609.0,0
127847575.0,0
129299623.0,0
159813765.0,0
109520005.0,0
276740462.0,0
149416.0,0
416684081.0,0
184989039.0,0
415782446.0,0
128452912.0,0
332341431.0,0
422375.0,0
180738578.0,0
111081532.0,0
185477934.0,0
132164173.0,0
128757538.0,0
129369535.0,0
108567054.0,0
171048293.0,0
411634057.0,0
133261158.0,0
115845542.0,0
128429772.0,0
132005093.0,0
119415550.0,0
107550018.0,0
132005110.0,0
143506123.0,0
373624101.0,0
139365385.0,0
290068312.0,0
421266856.0,0
104390992.0,0
101170056.0,0
111249927.0,0
128097183.0,0
111286396.0,0
127949733.0,0
138326717.0,0
129232570.0,0
183219527.0,0
155483547.0,0
108697374.0,0
129177316.0,0
179403386.0,0
129833724.0,0
162037906.0,0
111465116.0,0
133854783.0,0
127831874.0,0
128305558.0,0
115854248.0,0
152093167.0,0
169939965.0,0
128155048.0,0
323815370.0,0
118078762.0,0
132153858.0,0
181048810.0,0
128091369.0,0
127899981.0,0
128930401.0,0
187431933.0,0
179136958.0,0
185507922.0,0
105176193.0,0
128307246.0,0
108623509.0,0
105593951.0,0
367571931.0,0
188498990.0,0
128666617.0,0
173661411.0,0
139552892.0,0
112831963.0,0
370776181.0,0
152114030.0,0
157794502.0,0
128275360.0,0
129834631.0,0
417013136.0,0
127912786.0,0
279536466.0,0
104936616.0,0
372151432.0,0
127970625.0,0
128507929.0,0
435152485.0,0
127964497.0,0
127809751.0,0
127956999.0,0
103394331.0,0
129034500.0,0
332490068.0,0
287665738.0,0
364414030.0,0
159688891.0,0
127996014.0,0
122571992.0,0
346854981.0,0
185108105.0,0
109534609.0,0
132063739.0,0
169639092.0,0
187448694.0,0
111430954.0,0
100376795.0,0
127571878.0,0
114216247.0,0
127816191.0,0
416648668.0,0
361252366.0,0
291837315.0,0
152086181.0,0
103341495.0,0
145980857.0,0
151932880.0,0
109510320.0,0
180824535.0,0
129063791.0,0
103498555.0,0
103346063.0,0
208182.0,0
143829249.0,0
332374916.0,0
128228013.0,0
332468631.0,0
128090221.0,0
417788007.0,0
176565815.0,0
128451790.0,0
105080150.0,0
151969530.0,0
128509767.0,0
116250116.0,0
104382770.0,0
132155805.0,0
126901486.0,0
115653415.0,0
188559484.0,0
122838637.0,0
158707737.0,0
112428233.0,0
179930894.0,0
131849752.0,0
100283488.0,0
132162183.0,0
168563073.0,0
185005281.0,0
290543118.0,0
115525782.0,0
128308169.0,0
128456488.0,0
103392072.0,0
127795945.0,0
389167521.0,0
113919080.0,0
131500975.0,0
292613093.0,0
133283488.0,0
155062110.0,0
123797055.0,0
128265074.0,0
279451296.0,0
131740038.0,0
129230882.0,0
151930911.0,0
109841380.0,0
108793507.0,0
152733735.0,0
105176791.0,0
108195206.0,0
179948692.0,0
134365592.0,0
126071560.0,0
179535330.0,0
119238566.0,0
129153518.0,0
132053922.0,0
171441157.0,0
170444689.0,0
131546810.0,0
105174148.0,0
164100912.0,0
131740082.0,0
128277949.0,0
100804282.0,0
130053206.0,0
103422036.0,0
105966475.0,0
133229955.0,0
129455796.0,0
129992107.0,0
173575956.0,0
116666272.0,0
361983204.0,0
127945346.0,0
103351085.0,0
111255694.0,0
105840246.0,0
106655075.0,0
274999836.0,0
103388349.0,0
170990701.0,0
112878876.0,0
133294145.0,0
279526751.0,0
126302327.0,0
132153860.0,0
111087118.0,0
279550241.0,0
278233230.0,0
170859911.0,0
132002214.0,0
125430772.0,0
103382321.0,0
132155705.0,0
128463186.0,0
108938372.0,0
164956036.0,0
152114034.0,0
101078999.0,0
335557482.0,0
122120111.0,0
328384858.0,0
132159422.0,0
180092069.0,0
155171699.0,0
155511765.0,0
155643121.0,0
118110263.0,0
153908955.0,0
105104199.0,0
110979655.0,0
129187278.0,0
128020556.0,0
132162206.0,0
421230875.0,0
295446592.0,0
129304770.0,0
278223392.0,0
116661370.0,0
129236060.0,0
171004709.0,0
179721121.0,0
103374378.0,0
157478285.0,0
129217003.0,0
111076697.0,0
108866863.0,0
280533349.0,0
146937249.0,0
155600346.0,0
129921501.0,0
158414753.0,0
174854448.0,0
129191383.0,0
129232516.0,0
155657034.0,0
129452854.0,0
174863279.0,0
128074216.0,0
100107241.0,0
104344378.0,0
104924572.0,0
131734729.0,0
101420828.0,0
123499679.0,0
118221244.0,0
149670.0,0
176166717.0,0
208182.0,0
127848598.0,0
125379366.0,0
173375433.0,0
112327290.0,0
168983213.0,0
101172148.0,0
108781017.0,0
105446471.0,0
105538474.0,0
129155444.0,0
129185521.0,0
170861785.0,0
131311351.0,0
129235179.0,0
129228523.0,0
155511953.0,0
152049245.0,0
280454233.0,0
132131780.0,0
110596929.0,0
118234956.0,0
104798486.0,0
128048087.0,0
185010012.0,0
280534034.0,0
124328968.0,0
110885850.0,0
184963624.0,0
128035201.0,0
175476930.0,0
280483461.0,0
133395502.0,0
129236034.0,0
128317246.0,0
295467111.0,0
153934308.0,0
129346007.0,0
129948527.0,0
372329039.0,0
119812353.0,0
127809749.0,0
108561400.0,0
103356003.0,0
104128600.0,0
129230903.0,0
128131021.0,0
128295439.0,0
129668952.0,0
133452039.0,0
187489078.0,0
127847140.0,0
127941886.0,0
116380715.0,0
156807175.0,0
134930052.0,0
124046512.0,0
124770063.0,0
128470715.0,0
128733691.0,0
143533509.0,0
415752622.0,0
435417140.0,0
120648652.0,0
133818306.0,0
128501670.0,0
132154898.0,0
130158603.0,0
100348681.0,0
409625238.0,0
114144905.0,0
112419958.0,0
128481474.0,0
350021854.0,0
128119093.0,0
144205795.0,0
131781407.0,0
298344880.0,0
133288498.0,0
136824279.0,0
100812398.0,0
109192467.0,0
131787053.0,0
132155801.0,0
103372086.0,0
162042612.0,0
108468292.0,0
105176254.0,0
279477259.0,0
128924661.0,0
159709699.0,0
129236003.0,0
128438084.0,0
122082488.0,0
127976651.0,0
114675550.0,0
131864106.0,0
111575529.0,0
105600690.0,0
177708255.0,0
351135150.0,0
116123036.0,0
348176169.0,0
164926055.0,0
127745424.0,0
127574940.0,0
418394773.0,0
169939992.0,0
105574595.0,0
182777539.0,0
129354215.0,0
133741391.0,0
127751239.0,0
107910883.0,0
131451424.0,0
119564386.0,0
115657648.0,0
105689777.0,0
128493734.0,0
129299488.0,0
108262491.0,0
129011075.0,0
155940370.0,0
119075993.0,0
110983587.0,0
127367375.0,0
108789591.0,0
105170230.0,0
130127990.0,0
103468384.0,0
127365374.0,0
127849116.0,0
180926559.0,0
127905769.0,0
127267963.0,0
129404231.0,0
132002225.0,0
127966387.0,0
127805135.0,0
123501705.0,0
100111283.0,0
109538387.0,0
104918781.0,0
101644898.0,0
117471368.0,0
128310687.0,0
129230919.0,0
116016703.0,0
123222194.0,0
104972387.0,0
128469840.0,0
121631336.0,0
108932741.0,0
115108641.0,0
117541248.0,0
127822416.0,0
115961181.0,0
105887043.0,0
368483938.0,0
114213658.0,0
133284903.0,0
103348809.0,0
129296978.0,0
104110922.0,0
127857493.0,0
103390278.0,0
123862124.0,0
170876723.0,0
110989067.0,0
128438082.0,0
104202434.0,0
129454889.0,0
127872344.0,0
116679553.0,0
129445345.0,0
111086315.0,0
125602383.0,0
132004191.0,0
176234558.0,0
127798246.0,0
104134772.0,0
129232664.0,0
100109279.0,0
124433369.0,0
112537657.0,0
125401485.0,0
105296315.0,0
128496664.0,0
164947226.0,0
116658810.0,0
154953851.0,0
105546213.0,0
121672960.0,0
122811476.0,0
112430051.0,0
275153399.0,0
108944830.0,0
169980838.0,0
297959338.0,0
306295815.0,0
122405194.0,0
103347272.0,0
417000768.0,0
128716847.0,0
347764541.0,0
110380227.0,0
128067502.0,0
105074335.0,0
110833413.0,0
127966392.0,0
155600368.0,0
417448118.0,0
106312675.0,0
128493735.0,0
417050399.0,0
125630011.0,0
416639928.0,0
143433810.0,0
103392074.0,0
104776862.0,0
111242107.0,0
100026229.0,0
108729719.0,0
104942471.0,0
105182500.0,0
416650549.0,0
129845413.0,0
110229307.0,0
103378847.0,0
105613322.0,0
131867618.0,0
130219175.0,0
108693238.0,0
100100643.0,0
103640375.0,0
100476088.0,0
103346868.0,0
118290327.0,0
106491282.0,0
105700680.0,0
415846201.0,0
279555326.0,0
176966274.0,0
109127581.0,0
105328027.0,0
117428802.0,0
108556529.0,0
103346054.0,0
108936152.0,0
103390368.0,0
125793569.0,0
104952007.0,0
279553304.0,0
127953673.0,0
280435614.0,0
371743697.0,0
129383228.0,0
148191674.0,0
279550174.0,0
127226513.0,0
103340771.0,0
106718662.0,0
103414045.0,0
159709700.0,0
126383008.0,0
105158058.0,0
117532906.0,0
396131051.0,0
366439394.0,0
103342887.0,0
125034278.0,0
120843385.0,0
103382329.0,0
169309390.0,0
109352976.0,0
127817827.0,0
107366440.0,0
128464166.0,0
113419365.0,0
103345818.0,0
104918654.0,0
100108204.0,0
348476180.0,0
361939969.0,0
328429407.0,0
155579437.0,0
127839546.0,0
108758140.0,0
125196187.0,0
104134357.0,0
131995392.0,0
279435920.0,0
278237338.0,0
124521371.0,0
151985476.0,0
127968148.0,0
158914024.0,0
129579889.0,0
104876825.0,0
116119345.0,0
103510817.0,0
110671586.0,0
120066115.0,0
362324225.0,0
420592459.0,0
155574500.0,0
129233436.0,0
170929861.0,0
151947714.0,0
290509573.0,0
115850461.0,0
128158094.0,0
116658759.0,0
190731409.0,0
128585433.0,0
105627182.0,0
128848480.0,0
124462524.0,0
349762613.0,0
132153852.0,0
100265086.0,0
127963671.0,0
301753638.0,0
127991580.0,0
164206631.0,0
127917870.0,0
105862973.0,0
294467053.0,0
128844851.0,0
129001888.0,0
128505930.0,0
132060404.0,0
129235163.0,0
332478430.0,0
129657327.0,0
168068679.0,0
112060424.0,0
134997987.0,0
181414893.0,0
170062114.0,0
128121986.0,0
216904841.0,0
164954248.0,0
126520769.0,0
109531844.0,0
122087277.0,0
280439345.0,0
111182521.0,0
132047830.0,0
280452308.0,0
280533806.0,0
416678048.0,0
104360100.0,0
421235449.0,0
417790405.0,0
410670901.0,0
435593764.0,0
387773203.0,0
108262533.0,0
128129366.0,0
332456648.0,0
128499928.0,0
157466742.0,0
100926593.0,0
185508897.0,0
129473638.0,0
409175100.0,0
128453595.0,0
280512505.0,0
103986468.0,0
101404531.0,0
123310581.0,0
116666249.0,0
170936810.0,0
111292449.0,0
129236041.0,0
124700881.0,0
280405990.0,0
110830944.0,0
130049164.0,0
402155511.0,0
131335760.0,2
127917903.0,2
393200450.0,2
349881037.0,2
127885872.0,2
134352721.0,2
104522002.0,2
112637014.0,2
132360513.0,2
100878395.0,2
104772869.0,2
105927228.0,2
131383600.0,2
101452819.0,2
131870694.0,2
295444751.0,2
104762165.0,2
104784742.0,2
274849087.0,2
148764719.0,2
104338392.0,2
105576393.0,2
128472641.0,2
104786706.0,2
104332456.0,2
147499188.0,2
105922843.0,2
130080070.0,2
101456761.0,2
112364294.0,2
104350056.0,2
105973361.0,2
104540997.0,2
106243763.0,2
100746756.0,2
104778760.0,2
105284207.0,2
100904251.0,2
103132468.0,2
101446928.0,2
112286953.0,2
105276283.0,2
101456772.0,2
100872432.0,2
232113002.0,2
101458056.0,2
112362385.0,2
109461893.0,2
101448889.0,2
127993386.0,2
146146948.0,2
146326000.0,2
278229154.0,2
146170674.0,2
148807389.0,2
366656788.0,2
367471090.0,2
274823750.0,2
146228158.0,2
141895239.0,2
145157451.0,2
274843116.0,2
432502621.0,2
148759835.0,2
145648810.0,2
145654693.0,2
100466419.0,2
112270227.0,2
100896248.0,2
112329829.0,2
105284209.0,2
112277890.0,2
101454799.0,2
100746763.0,2
112320261.0,2
101124063.0,2
361995727.0,2
101454811.0,2
100748801.0,2
129072980.0,2
101448890.0,2
101452817.0,2
112280616.0,2
112289111.0,2
127695794.0,2
149439609.0,2
295455848.0,2
132352766.0,2
290359008.0,2
420980400.0,2
127602767.0,2
420955782.0,2
132116289.0,2
101446918.0,2
409091599.0,2
112297103.0,2
363054659.0,2
179054245.0,2
418498075.0,2
179054335.0,2
132743744.0,2
389139756.0,2
104332448.0,2
101456773.0,2
128163644.0,2
101458059.0,2
127358181.0,2
414284400.0,2
101450819.0,2
101446916.0,2
131376504.0,2
154399452.0,2
100904250.0,2
112282551.0,2
295461657.0,2
411436663.0,2
119858390.0,2
105926252.0,2
104778759.0,2
112321125.0,2
104428112.0,2
414274933.0,2
127979426.0,2
112324530.0,2
362827628.0,2
112419912.0,2
112329459.0,2
112352872.0,2
128159846.0,2
131715278.0,2
132741821.0,2
101458064.0,2
104326806.0,2
112327947.0,2
105020414.0,2
138107312.0,2
137423066.0,2
104536953.0,2
101450820.0,2
108054323.0,2
100528607.0,2
126243179.0,2
112278815.0,2
411425851.0,2
148744159.0,2
107206184.0,2
107060223.0,2
107053636.0,2
107049871.0,2
120463367.0,2
417187402.0,2
131379785.0,2
419909412.0,2
120459774.0,2
334233876.0,2
120309118.0,2
105615497.0,2
130071948.0,2
105338627.0,2
364987135.0,2
113772347.0,2
100746758.0,2
294805977.0,2
129042078.0,2
132750234.0,2
104780723.0,2
418931920.0,2
395680772.0,2
419500186.0,2
188477094.0,2
188381878.0,2
188466218.0,2
290882065.0,2
393015295.0,2
112284683.0,2
188398580.0,2
419033717.0,2
128121031.0,2
112359429.0,2
347653801.0,2
107883051.0,2
170653965.0,2
416275511.0,2
419486718.0,2
393008497.0,2
287628165.0,2
367546132.0,2
126245150.0,2
419496548.0,2
400527695.0,2
419026872.0,2
396355946.0,2
419050384.0,2
418940822.0,2
421241714.0,2
420102834.0,2
411459104.0,2
403760770.0,2
188388260.0,2
187649830.0,2
291131532.0,2
291067132.0,2
414450428.0,2
419433668.0,2
419815985.0,2
421545259.0,2
291094557.0,2
418989814.0,2
291170488.0,2
419456859.0,2
419459313.0,2
419425624.0,2
419839588.0,2
367562318.0,2
291296594.0,2
290854527.0,2
396332077.0,2
188307284.0,2
380379614.0,2
291221940.0,2
419469479.0,2
291237388.0,2
291234042.0,2
291188561.0,2
290824051.0,2
291065000.0,2
291361993.0,2
291184933.0,2
290930224.0,2
291043455.0,2
290869974.0,2
421030018.0,2
419114093.0,2
273665181.0,2
291243170.0,2
291042656.0,2
291383005.0,2
291272756.0,2
290807520.0,2
290926588.0,2
291021959.0,2
291095285.0,2
290668663.0,2
291243156.0,2
291229417.0,2
291165436.0,2
291114142.0,2
290673456.0,2
291200098.0,2
291186137.0,2
291069741.0,2
291123376.0,2
291245099.0,2
291059188.0,2
290837977.0,2
291220149.0,2
290661777.0,2
107046996.0,2
290860776.0,2
291179338.0,2
291086172.0,2
291269060.0,2
291296655.0,2
291363410.0,2
291229840.0,2
291109793.0,2
188578182.0,2
290952075.0,2
291272916.0,2
291083052.0,2
291194239.0,2
291052604.0,2
291298625.0,2
434350832.0,2
433193862.0,2
433207250.0,2
291090754.0,2
290644441.0,2
290872622.0,2
290854540.0,2
435952547.0,2
360750800.0,2
291219456.0,2
291350695.0,2
291214617.0,2
291163892.0,2
419419618.0,2
419490856.0,2
295454854.0,2
129894145.0,2
291155049.0,2
362434857.0,2
433306851.0,2
291235277.0,2
291007116.0,2
291196533.0,2
290677470.0,2
291212201.0,2
290677417.0,2
291176949.0,2
291027763.0,2
419576558.0,2
291234137.0,2
291382636.0,2
112280120.0,2
157303528.0,2
107062028.0,2
188440978.0,2
291231097.0,2
291185244.0,2
291079451.0,2
291252964.0,2
291052360.0,2
291329064.0,2
291074705.0,2
291316963.0,2
291374202.0,2
291083617.0,2
291082271.0,2
290820151.0,2
133899254.0,2
133894320.0,2
107052609.0,2
188557525.0,2
291203337.0,2
401857659.0,2
291142287.0,2
291357041.0,2
291317391.0,2
291177020.0,2
291044706.0,2
291419073.0,2
434311694.0,2
291191644.0,2
291182072.0,2
291175262.0,2
104038123.0,2
132758251.0,2
128368981.0,2
107051668.0,2
291189502.0,2
419556128.0,2
291072694.0,2
291184125.0,2
291190547.0,2
291219046.0,2
291237157.0,2
290663799.0,2
291159493.0,2
290914985.0,2
291089154.0,2
291067029.0,2
132362368.0,2
127970702.0,2
157363899.0,2
120456938.0,2
290656916.0,2
420961809.0,2
291379905.0,2
291320711.0,2
291243243.0,2
291021763.0,2
291280019.0,2
291346799.0,2
291215706.0,2
290684229.0,2
291069127.0,2
291208326.0,2
419826957.0,2
367223153.0,2
418476729.0,2
130059176.0,2
291318261.0,2
291169463.0,2
291048740.0,2
291212536.0,2
291164792.0,2
291085613.0,2
291412429.0,2
290940270.0,2
290667649.0,2
291326189.0,2
291300764.0,2
290695039.0,2
239510.0,2
128165625.0,2
107376673.0,2
182448922.0,2
290664806.0,2
291381274.0,2
291071565.0,2
291135741.0,2
290873529.0,2
291341841.0,2
290871581.0,2
291214315.0,2
291224969.0,2
291408915.0,2
291317288.0,2
430584863.0,2
119221693.0,2
112345653.0,2
128241099.0,2
292348219.0,2
291400049.0,2
290863091.0,2
291107598.0,2
291174427.0,2
290672580.0,2
291203545.0,2
291289735.0,2
291227621.0,2
291347768.0,2
291224737.0,2
291152941.0,2
290901589.0,2
231113003.0,2
166394905.0,2
332411209.0,2
127113383.0,2
290676797.0,2
291153976.0,2
394361609.0,2
291375443.0,2
291332189.0,2
290852637.0,2
419454864.0,2
291274132.0,2
290682681.0,2
291061215.0,2
291220251.0,2
418484172.0,2
291313083.0,2
130127700.0,2
291354566.0,2
433914983.0,2
434085146.0,2
434014947.0,2
272839512.0,2
411428455.0,2
291313712.0,2
433916792.0,2
411416531.0,2
436375526.0,2
417480520.0,2
411401432.0,2
418369292.0,2
165392540.0,2
132758231.0,2
120302400.0,2
144251138.0,2
434363437.0,2
291208477.0,2
396150869.0,2
291166078.0,2
432824660.0,2
433838140.0,2
291016965.0,2
432950913.0,2
291231161.0,2
432837083.0,2
290909319.0,2
104772323.0,2
128163646.0,2
120459684.0,2
127114386.0,2
291198266.0,2
291166607.0,2
291297433.0,2
433091566.0,2
291174639.0,2
420935558.0,2
436382941.0,2
367510935.0,2
291358860.0,2
291216428.0,2
130052787.0,2
127976649.0,2
409489942.0,2
291173026.0,2
291019975.0,2
291142833.0,2
291185871.0,2
290895593.0,2
291179739.0,2
291389570.0,2
291387367.0,2
290930466.0,2
291144687.0,2
421594914.0,2
434173621.0,2
291030847.0,2
436411404.0,2
291271682.0,2
380379442.0,2
188948598.0,2
431831208.0,2
433109372.0,2
291165340.0,2
291187770.0,2
291058306.0,2
291297461.0,2
290863643.0,2
291164611.0,2
291137322.0,2
291267799.0,2
290608820.0,2
433140117.0,2
104470682.0,2
107059302.0,2
187854534.0,2
188474097.0,2
291154638.0,2
433196754.0,2
432476651.0,2
291140558.0,2
291209803.0,2
432976786.0,2
396814731.0,2
291171614.0,2
398828759.0,2
291190629.0,2
291098171.0,2
290911959.0,2
178237716.0,2
132008357.0,2
120298941.0,2
188555488.0,2
432603051.0,2
291206422.0,2
291094885.0,2
291060631.0,2
291192697.0,2
432506526.0,2
433281413.0,2
291192771.0,2
433191627.0,2
432568495.0,2
436214995.0,2
291259635.0,2
188319232.0,2
187647864.0,2
291059218.0,2
290622753.0,2
290663766.0,2
433087433.0,2
432976314.0,2
291170848.0,2
436150372.0,2
436254660.0,2
291184731.0,2
291197472.0,2
436786140.0,2
400123628.0,2
431594700.0,2
291104661.0,2
188432017.0,2
188352635.0,2
436214617.0,2
291246143.0,2
433200638.0,2
436585538.0,2
432480789.0,2
436649069.0,2
291169385.0,2
432348235.0,2
433202197.0,2
290881445.0,2
291200393.0,2
420471688.0,2
420951127.0,2
431903067.0,2
294908164.0,2
115962316.0,2
107058166.0,2
107205242.0,2
419524061.0,2
419514459.0,2
436655118.0,2
419464514.0,2
419415890.0,2
124301448.0,2
127969837.0,2
107064040.0,2
107375700.0,2
188464169.0,2
188165652.0,2
188416515.0,2
188395640.0,2
188277817.0,2
188446802.0,2
188452655.0,2
291055425.0,2
291020934.0,2
291185717.0,2
419454621.0,2
129295917.0,2
418451143.0,2
104486229.0,2
418698844.0,2
434175357.0,2
436246468.0,2
434208041.0,2
188442819.0,2
188461618.0,2
290937060.0,2
188465257.0,2
434287291.0,2
188389318.0,2
188319375.0,2
188441408.0,2
436233860.0,2
119220848.0,2
100530582.0,2
120463261.0,2
188378676.0,2
290899686.0,2
419432702.0,2
291054467.0,2
188449773.0,2
419432704.0,2
291004174.0,2
290735369.0,2
188397533.0,2
291234840.0,2
436312720.0,2
107978819.0,2
112355626.0,2
104218646.0,2
287695869.0,2
188492561.0,2
188451948.0,2
188443738.0,2
188375591.0,2
188410408.0,2
418411160.0,2
188444879.0,2
420112484.0,2
419520332.0,2
436767090.0,2
104780739.0,2
104434044.0,2
181731318.0,2
188407988.0,2
188416819.0,2
188462682.0,2
188407950.0,2
188455606.0,2
291000961.0,2
291196868.0,2
436483909.0,2
291045671.0,2
419510337.0,2
135756896.0,2
188409468.0,2
394582561.0,2
291374345.0,2
419623233.0,2
290634393.0,2
291366717.0,2
291058966.0,2
432028629.0,2
420951124.0,2
291191566.0,2
420934493.0,2
153235250.0,2
127934377.0,2
129062253.0,2
414929939.0,2
436583590.0,2
298440774.0,2
188391041.0,2
188453527.0,2
188320542.0,2
421028114.0,2
291203487.0,2
188406548.0,2
291081411.0,2
24011801.0,2
188296917.0,2
147800960.0,2
188409960.0,2
188416539.0,2
188287658.0,2
188286611.0,2
188171431.0,2
290656941.0,2
290927137.0,2
291190497.0,2
291004169.0,2
290674663.0,2
291095554.0,2
291120193.0,2
290967691.0,2
129061292.0,2
104430129.0,2
389153444.0,2
188530683.0,2
291202168.0,2
290691461.0,2
291184850.0,2
419516056.0,2
420109288.0,2
291072771.0,2
420937346.0,2
188291594.0,2
291123959.0,2
127970810.0,2
127976463.0,2
104224952.0,2
128946459.0,2
290911978.0,2
291241385.0,2
291194265.0,2
290690051.0,2
419576668.0,2
291208332.0,2
291082478.0,2
290669500.0,2
290599995.0,2
291176774.0,2
291038801.0,2
131293340.0,2
127962745.0,2
125468089.0,2
188163986.0,2
188387904.0,2
291189203.0,2
291051308.0,2
291202174.0,2
291155642.0,2
434103359.0,2
290888075.0,2
291072605.0,2
291186744.0,2
291148851.0,2
291043692.0,2
291176940.0,2
188199418.0,2
290656968.0,2
188445851.0,2
188532829.0,2
367668189.0,2
433800873.0,2
291214170.0,2
291407200.0,2
291213736.0,2
291072995.0,2
291176003.0,2
291054502.0,2
291050209.0,2
107633276.0,2
100468733.0,2
129925183.0,2
128014327.0,2
291170070.0,2
291146267.0,2
291087467.0,2
188466372.0,2
291164663.0,2
291015444.0,2
290677448.0,2
291180205.0,2
291013003.0,2
291184670.0,2
436448427.0,2
436681223.0,2
436742962.0,2
436348772.0,2
291168970.0,2
291144850.0,2
290920690.0,2
291201298.0,2
291045901.0,2
291040710.0,2
291007975.0,2
291192757.0,2
290655994.0,2
119152469.0,2
106399774.0,2
188559041.0,2
290691061.0,2
291154767.0,2
290667635.0,2
290623507.0,2
291211268.0,2
291184673.0,2
291048594.0,2
290683319.0,2
291058214.0,2
291007112.0,2
290684242.0,2
188462271.0,2
100750833.0,2
129152563.0,2
188450457.0,2
188490090.0,2
420927655.0,2
291174130.0,2
291105223.0,2
291044437.0,2
436723943.0,2
420912963.0,2
291218034.0,2
291216014.0,2
419526127.0,2
110299302.0,2
129914366.0,2
188560105.0,2
291150589.0,2
188467065.0,2
291238933.0,2
291174797.0,2
290897651.0,2
419576606.0,2
291059954.0,2
290676493.0,2
291099152.0,2
436698448.0,2
436227549.0,2
436464858.0,2
436406981.0,2
291131886.0,2
291057467.0,2
290946759.0,2
291217959.0,2
291130505.0,2
291044532.0,2
436761740.0,2
420115725.0,2
291084469.0,2
291181743.0,2
291146821.0,2
188403708.0,2
100870449.0,2
101570009.0,2
127979454.0,2
290795931.0,2
291071791.0,2
291041704.0,2
291386824.0,2
291107737.0,2
291175990.0,2
290695303.0,2
291171902.0,2
419535316.0,2
291333727.0,2
290645444.0,2
188460408.0,2
291008682.0,2
298272635.0,2
291073694.0,2
291172010.0,2
291169707.0,2
419509744.0,2
290823112.0,2
291175597.0,2
291176398.0,2
419469747.0,2
291245426.0,2
291202577.0,2
291060779.0,2
166461219.0,2
290676706.0,2
188395929.0,2
291097794.0,2
291379917.0,2
419518630.0,2
291262647.0,2
291220908.0,2
291176875.0,2
291094667.0,2
291418271.0,2
291085330.0,2
291347425.0,2
187360642.0,2
166434640.0,2
188604080.0,2
291012013.0,2
291034193.0,2
291397743.0,2
291121882.0,2
291250768.0,2
291184867.0,2
419533021.0,2
291300651.0,2
291020618.0,2
419518961.0,2
291175365.0,2
291128809.0,2
290670869.0,2
188198309.0,2
188379656.0,2
188793003.0,2
419596405.0,2
291334319.0,2
290710075.0,2
291291968.0,2
291252238.0,2
290846601.0,2
419515557.0,2
291242199.0,2
291214326.0,2
115670241.0,2
172974976.0,2
296465462.0,2
436700049.0,2
436700178.0,2
436270935.0,2
418097027.0,2
291291683.0,2
419509742.0,2
291381563.0,2
420910836.0,2
291351583.0,2
291184373.0,2
291155548.0,2
291398483.0,2
188454772.0,2
436689991.0,2
436478998.0,2
436514581.0,2
436667460.0,2
436624829.0,2
291409606.0,2
291147646.0,2
419640084.0,2
291254389.0,2
291229702.0,2
291118271.0,2
291162894.0,2
290874911.0,2
130146474.0,2
188361209.0,2
188288930.0,2
290856919.0,2
290689599.0,2
291302486.0,2
291242109.0,2
291377287.0,2
291169992.0,2
291147376.0,2
291063249.0,2
291194323.0,2
291187382.0,2
291357927.0,2
291340914.0,2
291281229.0,2
129896431.0,2
114390078.0,2
122027569.0,2
100528597.0,2
436743388.0,2
291375027.0,2
291236114.0,2
290865891.0,2
290834867.0,2
290691818.0,2
291420165.0,2
291274313.0,2
291128873.0,2
436674736.0,2
419515618.0,2
127602933.0,2
414934498.0,2
135798796.0,2
291164005.0,2
291251436.0,2
291214502.0,2
291064204.0,2
291375450.0,2
291254967.0,2
291171619.0,2
291181644.0,2
290857792.0,2
100898230.0,2
121367359.0,2
188451668.0,2
188311409.0,2
188193462.0,2
153301071.0,2
188221648.0,2
291197797.0,2
101450802.0,2
290692064.0,2
130032609.0,2
429668559.0,2
291390236.0,2
188553240.0,2
128300467.0,3
123027674.0,3
105332156.0,3
105322690.0,3
100760088.0,3
127886012.0,3
123030463.0,3
103287195.0,3
104886973.0,3
129800227.0,3
121495229.0,3
105074590.0,3
133219103.0,3
149388996.0,3
128297024.0,3
362331194.0,3
115893666.0,3
112363882.0,3
103928743.0,3
100750965.0,3
129919460.0,3
127878128.0,3
103632997.0,3
174891.0,3
101202579.0,3
130100414.0,3
128471072.0,3
129925108.0,3
100758105.0,3
110439645.0,3
107206193.0,3
104992190.0,3
121572268.0,3
100288110.0,3
110274533.0,3
131733976.0,3
137998400.0,3
105669243.0,3
103107240.0,3
127765659.0,3
127228443.0,3
104988255.0,3
130000243.0,3
107667444.0,3
100101107.0,3
101038924.0,3
129794022.0,3
105544762.0,3
115888912.0,3
105278705.0,3
128111119.0,3
111295424.0,3
129933207.0,3
105550357.0,3
103638402.0,3
128107205.0,3
127903539.0,3
125643838.0,3
129743427.0,3
103934064.0,3
103326544.0,3
100458581.0,3
111303086.0,3
105430524.0,3
111256423.0,3
129934104.0,3
103101959.0,3
174945.0,3
103536770.0,3
131412600.0,3
100287014.0,3
103940023.0,3
140472668.0,3
123187059.0,3
103928736.0,3
112391108.0,3
129297605.0,3
105166327.0,3
103347613.0,3
129380212.0,3
133245836.0,3
109189968.0,3
111303083.0,3
111301218.0,3
105020164.0,3
125990814.0,3
109176717.0,3
127055710.0,3
105533753.0,3
112280952.0,3
127863742.0,3
112980031.0,3
105432547.0,3
104826716.0,3
105858931.0,3
103056656.0,3
123109072.0,3
106528824.0,3
131905207.0,3
128226348.0,3
114434316.0,3
107917880.0,3
127383806.0,3
111294583.0,3
175780.0,3
119904986.0,3
123073617.0,3
111288727.0,3
128467656.0,3
128487650.0,3
107917647.0,3
111292637.0,3
180137169.0,3
100096952.0,3
136824656.0,3
100466628.0,3
115763694.0,3
112531006.0,3
106005093.0,3
103055684.0,3
128996722.0,3
103384031.0,3
105677217.0,3
111291676.0,3
110152519.0,3
121616497.0,3
103394288.0,3
104948314.0,3
111309634.0,3
116342630.0,3
174944.0,3
101542823.0,3
121594969.0,3
174907.0,3
130084111.0,3
103326952.0,3
111299252.0,3
121640.0,3
111297393.0,3
125293040.0,3
175755.0,3
110141966.0,3
109482744.0,3
111297365.0,3
104920973.0,3
128487018.0,3
174922.0,3
111289721.0,3
111297386.0,3
387978664.0,3
111303087.0,3
128042939.0,3
168760837.0,3
111300221.0,3
120820879.0,3
103624303.0,3
175788.0,3
110058439.0,3
153984244.0,3
128299030.0,3
128048406.0,3
129570028.0,3
159661632.0,3
415811088.0,3
130001228.0,3
115894518.0,3
146261172.0,3
159683211.0,3
129284841.0,3
177620205.0,3
129297606.0,3
127228563.0,3
101200706.0,3
104918149.0,3
114470004.0,3
100416484.0,3
100370535.0,3
104346776.0,3
129878518.0,3
126308538.0,3
159817979.0,3
128952813.0,3
188529171.0,3
409103436.0,3
103928750.0,3
130105210.0,3
128431664.0,3
129212925.0,3
146570806.0,3
154175943.0,3
110371557.0,3
103458540.0,3
396153015.0,3
128430021.0,3
131734724.0,3
131389025.0,3
122771632.0,3
108943383.0,3
129469205.0,3
100428225.0,3
103297660.0,3
147537762.0,3
103914197.0,3
131804355.0,3
208775887.0,3
100736169.0,3
131413425.0,3
100588255.0,3
165401334.0,3
103604305.0,3
105432517.0,3
128130145.0,3
103346919.0,3
105860654.0,3
123033269.0,3
103936064.0,3
129791134.0,3
129302321.0,3
127899353.0,3
105160411.0,3
399045620.0,3
103930626.0,3
169701039.0,3
103938034.0,3
103105024.0,3
125490934.0,3
133816180.0,3
103054639.0,3
129469450.0,3
146265194.0,3
105076782.0,3
164512315.0,3
159671357.0,3
105680192.0,3
17752481.0,3
131389006.0,3
129770152.0,3
182456015.0,3
185020224.0,3
127058747.0,3
131451036.0,3
127896608.0,3
120627391.0,3
105546379.0,3
105066814.0,3
108930404.0,3
125797351.0,3
133828733.0,3
108944350.0,3
101208132.0,3
435404630.0,3
419509863.0,3
154065677.0,3
130200049.0,3
119475269.0,3
164823088.0,3
133687753.0,3
131430221.0,3
133831527.0,3
115825703.0,3
164570731.0,3
150143650.0,3
124728092.0,3
100410137.0,3
123076173.0,3
146506888.0,3
115190271.0,3
124721827.0,3
130190941.0,3
126308537.0,3
103460454.0,3
133827904.0,3
127075340.0,3
121676102.0,3
110443267.0,3
111301186.0,3
114423690.0,3
133835235.0,3
108931418.0,3
129470443.0,3
130208724.0,3
122769689.0,3
128262090.0,3
104962799.0,3
133581941.0,3
164490463.0,3
121417348.0,3
100416250.0,3
120373581.0,3
105534661.0,3
173484638.0,3
128204019.0,3
133832520.0,3
111288735.0,3
110049952.0,3
103281883.0,3
128217730.0,3
128225243.0,3
129746086.0,3
126077819.0,3
129743408.0,3
130130358.0,3
179828789.0,3
133571773.0,3
128432093.0,3
180753253.0,3
409623589.0,3
122773261.0,3
135806560.0,3
133835184.0,3
121190782.0,3
100678067.0,3
103286248.0,3
103272909.0,3
133582924.0,3
133827940.0,3
131733977.0,3
131672870.0,3
135797403.0,3
125418627.0,3
128053379.0,3
133804707.0,3
131679128.0,3
114426708.0,3
105072957.0,3
165377718.0,3
312562763.0,3
114427423.0,3
106471887.0,3
115582528.0,3
128301437.0,3
103928747.0,3
103089592.0,3
123862730.0,3
127073655.0,3
103057632.0,3
104422069.0,3
127879642.0,3
133832602.0,3
127893245.0,3
127081469.0,3
104428096.0,3
100289108.0,3
103940021.0,3
128467839.0,3
104938080.0,3
102961175.0,3
102953712.0,3
101160163.0,3
105906318.0,3
103051723.0,3
114422940.0,3
128031533.0,3
129217611.0,3
103342923.0,3
103328906.0,3
177696174.0,3
111305739.0,3
127867682.0,3
128468571.0,3
291612069.0,3
103323995.0,3
129229475.0,3
127865673.0,3
100293185.0,3
103598627.0,3
114434317.0,3
101020361.0,3
103928751.0,3
131413441.0,3
173666475.0,3
181686748.0,3
110278216.0,3
100926451.0,3
128473961.0,3
111321163.0,3
105078437.0,3
101042810.0,3
103334821.0,3
177005920.0,3
120416229.0,3
111291662.0,3
128267632.0,3
105678241.0,3
129569058.0,3
128472064.0,3
111291632.0,3
143727324.0,3
103940017.0,3
389221462.0,3
119956493.0,3
101206051.0,3
128534331.0,3
135793817.0,3
113693319.0,3
158349705.0,3
103554121.0,3
100418248.0,3
128146711.0,3
129328557.0,3
127807416.0,3
105334440.0,3
103102283.0,3
130102334.0,3
158361655.0,3
133810436.0,3
185467444.0,3
113075561.0,3
107898884.0,3
126250325.0,3
108346400.0,3
177731201.0,3
409220959.0,3
113520273.0,3
123147002.0,3
125258358.0,3
131382904.0,3
103281031.0,3
128000790.0,3
103910481.0,3
105991447.0,3
125493426.0,3
115894617.0,3
105060986.0,3
135800991.0,3
129011250.0,3
129693716.0,3
121645578.0,3
133443729.0,3
185303947.0,3
133572891.0,3
103273881.0,3
128471084.0,3
164915289.0,3
159685194.0,3
114430462.0,3
125210994.0,3
115569088.0,3
128463706.0,3
133267098.0,3
104430078.0,3
8851130001.0,3
105278762.0,3
124598276.0,3
129463554.0,3
133583289.0,3
104306922.0,3
115575980.0,3
124366014.0,3
130081164.0,3
129566202.0,3
115099226.0,3
128436022.0,3
418507859.0,3
104960842.0,3
120378138.0,3
114426707.0,3
110143983.0,3
131737351.0,3
180072327.0,3
133571907.0,3
131429300.0,3
173226307.0,3
125410889.0,3
104414586.0,3
102956720.0,3
179173971.0,3
131735749.0,3
133834486.0,3
310866772.0,3
133831490.0,3
133213956.0,3
177072263.0,3
105430584.0,3
418056663.0,3
131387672.0,3
121599261.0,3
114498252.0,3
130182518.0,3
179828879.0,3
114433439.0,3
122768978.0,3
125124932.0,3
144565498.0,3
111266073.0,3
128217734.0,3
135371881.0,3
133588089.0,3
133814760.0,3
295703079.0,1
118894138.0,1
184892787.0,1
184998304.0,1
132791606.0,1
128124720.0,1
293727250.0,1
127765676.0,1
131987938.0,1
414589166.0,1
123529302.0,1
100954983.0,1
126954784.0,1
128214259.0,1
129181858.0,1
128483538.0,1
151403080.0,1
154138135.0,1
128218050.0,1
147358118.0,1
295610290.0,1
128691389.0,1
145192778.0,1
105945440.0,1
132805678.0,1
128217160.0,1
107679632.0,1
136560690.0,1
420259793.0,1
127698276.0,1
111738770.0,1
165869686.0,1
126278621.0,1
185141812.0,1
420482838.0,1
129792873.0,1
419573663.0,1
131737423.0,1
353571552.0,1
105588433.0,1
105611049.0,1
112450612.0,1
129567610.0,1
420498602.0,1
107405152.0,1
105957161.0,1
100231905.0,1
119230221.0,1
127832792.0,1
100229927.0,1
365626778.0,1
129570898.0,1
128084347.0,1
105586259.0,1
128201081.0,1
117335354.0,1
1200.0,1
128667441.0,1
129355061.0,1
156493762.0,1
111754481.0,1
130207908.0,1
105585031.0,1
100093018.0,1
103245745.0,1
294553896.0,1
100832283.0,1
418077046.0,1
126508147.0,1
112639347.0,1
175144839.0,1
123469214.0,1
107859751.0,1
105264474.0,1
129573508.0,1
164933519.0,1
410613040.0,1
100810314.0,1
113700414.0,1
127350931.0,1
119319764.0,1
147328392.0,1
135689721.0,1
125669667.0,1
100740174.0,1
147703302.0,1
103305656.0,1
129607974.0,1
128127483.0,1
128317006.0,1
129174944.0,1
109404553.0,1
124100066.0,1
130097132.0,1
129558791.0,1
135499741.0,1
146794065.0,1
124080225.0,1
128595236.0,1
129191523.0,1
175564568.0,1
101268280.0,1
105544952.0,1
105056962.0,1
124844521.0,1
104516400.0,1
114792226.0,1
163718856.0,1
128240158.0,1
129350464.0,1
129116892.0,1
303980921.0,1
117931623.0,1
107858595.0,1
114525757.0,1
105921850.0,1
105262480.0,1
131997281.0,1
185163531.0,1
112117502.0,1
112362376.0,1
105060034.0,1
127835790.0,1
129266077.0,1
180812133.0,1
121355985.0,1
129253845.0,1
127810080.0,1
105925327.0,1
132061885.0,1
100094772.0,1
420001882.0,1
129803492.0,1
179360894.0,1
127864155.0,1
129242674.0,1
182904712.0,1
389413.0,1
119423387.0,1
111351255.0,1
128912841.0,1
129378774.0,1
130102664.0,1
104054216.0,1
459.0,1
128052428.0,1
112123481.0,1
100430073.0,1
372151770.0,1
387782687.0,1
124839800.0,1
131388698.0,1
129792872.0,1
110297165.0,1
113205169.0,1
110795444.0,1
105266926.0,1
127807362.0,1
112656669.0,1
116534082.0,1
115870655.0,1
129468040.0,1
179170404.0,1
105178658.0,1
124097268.0,1
113082859.0,1
105378689.0,1
365854506.0,1
146562379.0,1
289941508.0,1
105536927.0,1
105546467.0,1
110312404.0,1
323848293.0,1
121716164.0,1
131536580.0,1
133309960.0,1
105026345.0,1
128179399.0,1
175753780.0,1
119324192.0,1
400524692.0,1
108771621.0,1
130182795.0,1
103092146.0,1
130017853.0,1
182808655.0,1
298447324.0,1
130145421.0,1
125823855.0,1
128076418.0,1
119224523.0,1
107631871.0,1
113217893.0,1
147551331.0,1
105290361.0,1
105174567.0,1
353815496.0,1
100796901.0,1
129556779.0,1
128204211.0,1
130184169.0,1
105382034.0,1
106141487.0,1
133804049.0,1
133771915.0,1
361969624.0,1
362821280.0,1
105224139.0,1
390933972.0,1
105422241.0,1
118036723.0,1
133777284.0,1
111467201.0,1
123114196.0,1
104332234.0,1
365632439.0,1
127817762.0,1
129093832.0,1
123356276.0,1
124223306.0,1
147503209.0,1
128221984.0,1
128230645.0,1
105550760.0,1
132048998.0,1
105877192.0,1
120903883.0,1
103530040.0,1
181413395.0,1
111153868.0,1
128471437.0,1
101782291.0,1
362452928.0,1
311192889.0,1
129824511.0,1
110426665.0,1
181688655.0,1
175199224.0,1
278362275.0,1
110569989.0,1
177898012.0,1
128160532.0,1
128290647.0,1
105020423.0,1
159657416.0,1
178232971.0,1
118527410.0,1
131795084.0,1
409549252.0,1
179699625.0,1
131714507.0,1
104824856.0,1
131397048.0,1
107845315.0,1
151433356.0,1
182556521.0,1
126938280.0,1
105016643.0,1
113080750.0,1
126180587.0,1
180970555.0,1
113418426.0,1
164981172.0,1
129917895.0,1
126944929.0,1
120878728.0,1
180685291.0,1
290405916.0,1
365017253.0,1
164747677.0,1
181913673.0,1
131992262.0,1
349126974.0,1
127930508.0,1
128084323.0,1
216841838.0,1
295679410.0,1
147544533.0,1
128432372.0,1
174230491.0,1
105926346.0,1
139288461.0,1
128664165.0,1
126196475.0,1
170002273.0,1
122599661.0,1
108779121.0,1
128817177.0,1
128038254.0,1
105178685.0,1
101154516.0,1
127991155.0,1
128038999.0,1
105472232.0,1
129829731.0,1
110139661.0,1
401849415.0,1
175237169.0,1
159670827.0,1
298874450.0,1
119044988.0,1
131797958.0,1
184947396.0,1
170946810.0,1
103524092.0,1
101416384.0,1
167723363.0,1
175735117.0,1
133907882.0,1
272463919.0,1
121230457.0,1
181641931.0,1
296380831.0,1
112407080.0,1
124166833.0,1
115141512.0,1
117332884.0,1
105565123.0,1
101420196.0,1
173611856.0,1
107884364.0,1
396485053.0,1
129607861.0,1
417575478.0,1
107250136.0,1
107051559.0,1
127809914.0,1
387712886.0,1
185087070.0,1
295197165.0,1
129184560.0,1
186143014.0,1
129186507.0,1
105450363.0,1
129011685.0,1
184907974.0,1
133734393.0,1
417567566.0,1
405109244.0,1
119698566.0,1
181117266.0,1
150905695.0,1
396101226.0,1
419044061.0,1
130503969.0,1
126371874.0,1
128039895.0,1
129245459.0,1
112166581.0,1
182038564.0,1
150478563.0,1
175010600.0,1
129566389.0,1
347612494.0,1
289939616.0,1
365511183.0,1
127859401.0,1
125764290.0,1
173668535.0,1
104332228.0,1
128205694.0,1
130131284.0,1
126668123.0,1
159613859.0,1
128225946.0,1
127976684.0,1
418903353.0,1
129980808.0,1
129593971.0,1
303857282.0,1
130083665.0,1
177766998.0,1
381833709.0,1
128086086.0,1
360043881.0,1
126180382.0,1
128169343.0,1
129319648.0,1
128239256.0,1
114305900.0,1
104926578.0,1
362185404.0,1
410792791.0,1
296132825.0,1
128735654.0,1
111740647.0,1
180335489.0,1
128731761.0,1
180320319.0,1
1018.0,1
104544025.0,1
162077426.0,1
130132026.0,1
131674415.0,1
120844070.0,1
128471248.0,1
105340720.0,1
131973336.0,1
129513310.0,1
128101983.0,1
129730571.0,1
122599658.0,1
174211959.0,1
143961798.0,1
174864209.0,1
180736611.0,1
179657345.0,1
136364165.0,1
127905261.0,1
265178926.0,1
164270090.0,1
138640697.0,1
139395525.0,1
168805216.0,1
128303644.0,1
133792260.0,1
372315117.0,1
121245610.0,1
131430415.0,1
296453500.0,1
181075454.0,1
146520919.0,1
178251383.0,1
129993870.0,1
396148723.0,1
174206087.0,1
103512619.0,1
105496350.0,1
176545507.0,1
129556857.0,1
174196201.0,1
129188393.0,1
182565603.0,1
180115867.0,1
127308758.0,1
168715822.0,1
435369260.0,1
104352225.0,1
150323852.0,1
420387745.0,1
120798521.0,1
175706200.0,1
131823822.0,1
403182785.0,1
127452585.0,1
364924589.0,1
176890106.0,1
149755076.0,1
107866797.0,1
111807090.0,1
115976331.0,1
108780284.0,1
133456102.0,1
170145176.0,1
133803560.0,1
364556498.0,1
125458253.0,1
156543480.0,1
128075720.0,1
363477689.0,1
127952211.0,1
418538554.0,1
126662812.0,1
128038808.0,1
130094047.0,1
133531023.0,1
107844348.0,1
105374876.0,1
139297298.0,1
105495854.0,1
147703201.0,1
105016537.0,1
175911604.0,1
107569324.0,1
128178373.0,1
174085081.0,1
115461908.0,1
115464197.0,1
382115478.0,1
129642693.0,1
128927036.0,1
409796194.0,1
318638043.0,1
104984322.0,1
173514629.0,1
115575770.0,1
128561705.0,1
182573101.0,1
129702432.0,1
139299070.0,1
129258336.0,1
104866774.0,1
128222693.0,1
136354342.0,1
163682153.0,1
419844064.0,1
128978994.0,1
131385243.0,1
129700542.0,1
122661111.0,1
296099228.0,1
181584746.0,1
363844245.0,1
414574834.0,1
111217924.0,1
129824835.0,1
184903907.0,1
105006380.0,1
105328478.0,1
110129190.0,1
149596682.0,1
158541072.0,1
182324415.0,1
175070119.0,1
389177565.0,1
296433032.0,1
415348374.0,1
128051190.0,1
127495430.0,1
123190387.0,1
128054104.0,1
130041419.0,1
175129923.0,1
164719916.0,1
133741289.0,1
281107925.0,1
127793071.0,1
129133996.0,1
124900733.0,1
130126454.0,1
128571011.0,1
115462473.0,1
128286851.0,1
174305090.0,1
129089921.0,1
109411826.0,1
135519067.0,1
113730147.0,1
134656726.0,1
133270051.0,1
107984354.0,1
150992174.0,1
108635173.0,1
127759012.0,1
164717368.0,1
126540460.0,1
129089945.0,1
105180588.0,1
111733930.0,1
128173630.0,1
108426484.0,1
123271821.0,1
306406520.0,1
129970565.0,1
174105794.0,1
105895312.0,1
306466585.0,1
105466685.0,1
105454509.0,1
105459229.0,1
127218727.0,1
131280136.0,1
128172730.0,1
123642396.0,1
157601015.0,1
116780233.0,1
159597369.0,1
127845456.0,1
179181290.0,1
115462470.0,1
437079622.0,1
365482882.0,1
292061350.0,1
229893724.0,1
105236558.0,1
132036964.0,1
131795082.0,1
108362270.0,1
106788117.0,1
127743035.0,1
129701930.0,1
128039805.0,1
106578082.0,1
144687818.0,1
104480467.0,1
127791859.0,1
168848843.0,1
103263200.0,1
107842010.0,1
128057852.0,1
128587573.0,1
283298034.0,1
128165142.0,1
123148378.0,1
294798773.0,1
128298237.0,1
139298177.0,1
296157327.0,1
116782134.0,1
128124608.0,1
363788474.0,1
129095167.0,1
128050277.0,1
129574396.0,1
123287007.0,1
128370097.0,1
118231038.0,1
133321534.0,1
128038126.0,1
126058767.0,1
114370933.0,1
104998188.0,1
127938248.0,1
103528062.0,1
409205518.0,1
162986295.0,1
111531754.0,1
136736577.0,1
113734139.0,1
167604818.0,1
122854793.0,1
130142203.0,1
118514680.0,1
432837458.0,1
104914083.0,1
129407031.0,1
129508552.0,1
174259474.0,1
415705291.0,1
127568398.0,1
113525392.0,1
107840028.0,1
129795152.0,1
145425340.0,1
104824973.0,1
133119738.0,1
128041063.0,1
105214772.0,1
105298368.0,1
152266685.0,1
133443747.0,1
157585418.0,1
104306126.0,1
129471654.0,1
151756544.0,1
129646881.0,1
114319190.0,1
131734506.0,1
182845398.0,1
164741599.0,1
126407251.0,1
130102379.0,1
115608675.0,1
128599502.0,1
107245406.0,1
128569502.0,1
105539636.0,1
118115360.0,1
185344729.0,1
158168222.0,1
108753649.0,1
146229730.0,1
129108287.0,1
105550738.0,1
409774855.0,1
149342982.0,1
130201912.0,1
128976665.0,1
111839170.0,1
113754713.0,1
168922197.0,1
122600839.0,1
104960944.0,1
105723105.0,1
129478467.0,1
116140941.0,1
129806124.0,1
435380070.0,1
347298217.0,1
131805228.0,1
107041984.0,1
175169373.0,1
129319649.0,1
157621353.0,1
148682212.0,1
112952969.0,1
105485234.0,1
128184967.0,1
103203245.0,1
296494964.0,1
118444290.0,1
110028686.0,1
130000217.0,1
128764459.0,1
105242667.0,1
108635163.0,1
127880815.0,1
106106913.0,1
104346099.0,1
182794692.0,1
363222430.0,1
112893876.0,1
110612708.0,1
129273474.0,1
128601172.0,1
111741681.0,1
100992064.0,1
104470995.0,1
103330347.0,1
128207540.0,1
129669386.0,1
105008689.0,1
115798570.0,1
115997005.0,1
114512074.0,1
108624717.0,1
108629586.0,1
131810505.0,1
135502587.0,1
159777040.0,1
133673791.0,1
125014982.0,1
107869661.0,1
128205275.0,1
115097708.0,1
124446382.0,1
393023712.0,1
118451157.0,1
126379415.0,1
129320613.0,1
180697536.0,1
107127861.0,1
129265673.0,1
131964339.0,1
360781596.0,1
112492655.0,1
103296155.0,1
171659522.0,1
128814998.0,1
169983638.0,1
174246868.0,1
105456682.0,1
105711479.0,1
365493871.0,1
157801580.0,1
122599662.0,1
100812374.0,1
105022209.0,1
108772517.0,1
111456480.0,1
122064340.0,1
105012664.0,1
128823857.0,1
128035394.0,1
120107348.0,1
100798938.0,1
130100492.0,1
129149959.0,1
112548801.0,1
128281063.0,1
127884878.0,1
112485702.0,1
133201798.0,1
103259816.0,1
184953799.0,1
131734501.0,1
157564219.0,1
105594192.0,1
113344920.0,1
126455618.0,1
107044686.0,1
135673687.0,1
127820007.0,1
174226846.0,1
129315836.0,1
157334230.0,1
123499966.0,1
173940332.0,1
418642649.0,1
437245710.0,1
121112430.0,1
106839230.0,1
126617467.0,1
176538898.0,1
149729617.0,1
146602035.0,1
128113517.0,1
414952118.0,1
100700079.0,1
278256294.0,1
168102473.0,1
110647960.0,1
122605104.0,1
354410300.0,1
133088971.0,1
179467116.0,1
129700068.0,1
185303121.0,1
420990263.0,1
131745703.0,1
140274200.0,1
112961432.0,1
278228998.0,1
168154186.0,1
168149250.0,1
138583481.0,1
150283352.0,1
419030872.0,1
128133044.0,1
131827448.0,1
365014394.0,1
128470461.0,1
105022851.0,1
140348016.0,1
134659340.0,1
124172262.0,1
101038149.0,1
283295173.0,1
128170156.0,1
115465158.0,1
381413233.0,1
175047056.0,1
184891329.0,1
164718849.0,1
124494125.0,1
105062599.0,1
129800181.0,1
131697952.0,1
414638718.0,1
157590983.0,1
127857997.0,1
123649948.0,1
171022110.0,1
175626164.0,1
103344502.0,1
175014175.0,1
177712021.0,1
180734790.0,1
158498825.0,1
128179812.0,1
124851184.0,1
128179809.0,1
281553136.0,1
164725893.0,1
100822245.0,1
176017362.0,1
151003060.0,1
129188404.0,1
129730102.0,1
128107726.0,1
124176746.0,1
174243784.0,1
129151696.0,1
129254413.0,1
105468844.0,1
127876383.0,1
105533519.0,1
106670297.0,1
176573011.0,1
111829812.0,1
128569180.0,1
176180709.0,1
122859511.0,1
186088730.0,1
129556763.0,1
125709616.0,1
144579798.0,1
161985685.0,1
105759358.0,1
124916670.0,1
168795951.0,1
104456241.0,1
126785730.0,1
108926040.0,1
122147002.0,1
128964060.0,1
124172594.0,1
173175241.0,1
168573625.0,1
174374323.0,1
164954560.0,1
128113548.0,1
179628674.0,1
107290130.0,1
128091917.0,1
129298798.0,1
154317416.0,1
115954854.0,1
128105003.0,1
146128534.0,1
130193187.0,1
175052182.0,1
105809002.0,1
128146582.0,1
174453396.0,1
115975601.0,1
120110158.0,1
365886811.0,1
126896518.0,1
105614333.0,1
128769898.0,1
118438673.0,1
174184812.0,1
133908433.0,1
135647246.0,1
128589308.0,1
151734785.0,1
128299539.0,1
127354258.0,1
387804074.0,1
176376920.0,1
178724719.0,1
179669961.0,1
388003536.0,1
129089917.0,1
106470587.0,1
185108747.0,1
113029078.0,1
119696990.0,1
105531780.0,1
280640179.0,1
129619614.0,1
132225143.0,1
163656922.0,1
403899212.0,1
131426376.0,1
115969893.0,1
114310791.0,1
115461902.0,1
417547674.0,1
128209014.0,1
171029137.0,1
165411040.0,1
417552701.0,1
419025738.0,1
414661579.0,1
140268930.0,1
106650093.0,1
174319099.0,1
409741671.0,1
179656243.0,1
119853348.0,1
120462442.0,1
131843983.0,1
174318261.0,1
159726400.0,1
122599659.0,1
364926548.0,1
119043827.0,1
119649779.0,1
297661516.0,1
115155035.0,1
363165461.0,1
185016343.0,1
419056230.0,1
133217031.0,1
171583879.0,1
108918298.0,1
128202800.0,1
306414306.0,1
381483074.0,1
381515289.0,1
129149563.0,1
161081962.0,1
129296167.0,1
104410058.0,1
105054032.0,1
151772357.0,1
418538263.0,1
129321181.0,1
105020418.0,1
105292671.0,1
128587572.0,1
365011724.0,1
124395384.0,1
381449983.0,1
128118547.0,1
381444502.0,1
106461147.0,1
419046441.0,1
105535757.0,1
381452383.0,1
154072871.0,1
122145067.0,1
109662878.0,1
298421820.0,1
152318175.0,1
178598548.0,1
421219826.0,1
161067546.0,1
171607630.0,1
131326737.0,4
144600714.0,4
161662238.0,4
156476663.0,4
129088585.0,4
128248050.0,4
146328107.0,4
126385901.0,4
131327952.0,4
363335778.0,4
363477747.0,4
108190167.0,4
126385891.0,4
131335211.0,4
126654189.0,4
133139014.0,4
133130843.0,4
133132544.0,4
131325910.0,4
129582221.0,4
133135504.0,4
133135404.0,4
126348182.0,4
133134546.0,4
131335204.0,4
129100056.0,4
133130941.0,4
126385593.0,4
129092231.0,4
127922137.0,4
126390239.0,4
129800756.0,4
128012843.0,4
128338132.0,4
128231792.0,4
128126668.0,4
125789930.0,4
129737418.0,4
129091622.0,4
124351637.0,4
130056513.0,4
129650064.0,4
126379955.0,4
119854983.0,4
133586426.0,4
105378013.0,4
126375681.0,4
296391016.0,4
385024328.0,4
130199343.0,4
277258209.0,4
123562664.0,4
137840207.0,4
152759332.0,4
161159181.0,4
128733061.0,4
128022907.0,4
129336680.0,4
184972315.0,4
103448394.0,4
121484188.0,4
371726935.0,4
133135426.0,4
411458205.0,4
137835803.0,4
128159140.0,4
128491417.0,4
131335214.0,4
101016964.0,4
137843121.0,4
158068579.0,4
164035238.0,4
129273122.0,4
124722732.0,4
279553626.0,4
133931948.0,4
274677223.0,4
132805209.0,4
156958310.0,4
276125656.0,4
158499289.0,4
290543951.0,4
179036406.0,4
179831121.0,4
150165517.0,4
178576014.0,4
180180319.0,4
178188184.0,4
170198265.0,4
151773040.0,4
372314679.0,4
182328977.0,4
139685490.0,4
129302512.0,4
133934583.0,4
128160005.0,4
411448512.0,4
127997770.0,4
128433908.0,4
298248767.0,4
291764903.0,4
272811972.0,4
119277701.0,4
148012651.0,4
133939209.0,4
129027182.0,4
131427353.0,4
129794882.0,4
157915221.0,4
184983270.0,4
184933745.0,4
171540521.0,4
290555156.0,4
131754731.0,4
367158428.0,4
170074129.0,4
363430318.0,4
365153960.0,4
181769989.0,4
171694773.0,4
303456816.0,4
238669063.0,4
171001817.0,4
169793306.0,4
176869984.0,4
169560075.0,4
287839845.0,4
353510288.0,4
352145147.0,4
293550861.0,4
157081840.0,4
397124105.0,4
353518918.0,4
168037209.0,4
317920222.0,4
170594380.0,4
349970951.0,4
365808311.0,4
351977380.0,4
137836951.0,4
126362573.0,4
173000975.0,4
329300995.0,4
281328971.0,4
187430251.0,4
363436842.0,4
161549664.0,4
168022222.0,4
364898732.0,4
292546057.0,4
279578298.0,4
290523481.0,4
171004746.0,4
365149833.0,4
418740978.0,4
124623381.0,4
129653423.0,4
291764848.0,4
176873936.0,4
297927188.0,4
418783659.0,4
365865464.0,4
178159308.0,4
132012524.0,4
181775808.0,4
396050772.0,4
139725685.0,4
181756757.0,4
323800863.0,4
143708550.0,4
129777982.0,4
128431650.0,4
176545045.0,4
281167084.0,4
132801490.0,4
362485140.0,4
347888343.0,4
421168938.0,4
410509166.0,4
173573592.0,4
363851910.0,4
158636484.0,4
418597820.0,4
155237711.0,4
417309557.0,4
169979224.0,4
155960957.0,4
176833675.0,4
169905038.0,4
150204246.0,4
348448713.0,4
396506286.0,4
347332588.0,4
323824637.0,4
366403989.0,4
418558783.0,4
298475965.0,4
433284149.0,4
290856611.0,4
418322176.0,4
414931524.0,4
176654063.0,4
129319300.0,4
115482506.0,4
292109693.0,4
170822493.0,4
397078111.0,4
353523797.0,4
351927987.0,4
403555869.0,4
347047382.0,4
353525479.0,4
179478510.0,4
396511830.0,4
420422058.0,4
368000504.0,4
178047787.0,4
403830967.0,4
390972123.0,4
301694691.0,4
353528120.0,4
420845891.0,4
397083219.0,4
155266833.0,4
179063748.0,4
177837485.0,4
418895256.0,4
175124145.0,4
328830680.0,4
167335367.0,4
169784663.0,4
182875977.0,4
123885460.0,4
417471606.0,4
174724006.0,4
410873221.0,4
366937913.0,4
299133389.0,4
170131726.0,4
161269985.0,4
155291117.0,4
291032238.0,4
418903848.0,4
272876779.0,4
169820062.0,4
115766596.0,4
418778476.0,4
173532414.0,4
418886327.0,4
384964964.0,4
418769548.0,4
372270457.0,4
209635407.0,4
295295585.0,4
143802638.0,4
180958451.0,4
435931025.0,4
161564392.0,4
417499996.0,4
1224253.0,4
169395914.0,4
178165843.0,4
161552762.0,4
292743738.0,4
418787840.0,4
290909797.0,4
418793518.0,4
178641869.0,4
148881414.0,4
418783310.0,4
418877990.0,4
183298883.0,4
1224253.0,4
418771416.0,4
141227350.0,4
178196955.0,4
133788149.0,4
377624745.0,4
348581942.0,4
144393390.0,4
154062561.0,4
387774045.0,4
171728798.0,4
152173100.0,4
140586144.0,4
372482119.0,4
396370210.0,4
143012281.0,4
367824118.0,4
129982501.0,4
121207663.0,4
178753482.0,4
305689059.0,4
304753666.0,4
297949683.0,4
403609336.0,4
302772687.0,4
275128971.0,4
299399521.0,4
173739439.0,4
299370061.0,4
396400404.0,4
367175241.0,4
396447940.0,4
105012409.0,4
126170265.0,4
384970631.0,4
178223672.0,4
351996461.0,4
349075226.0,4
347272800.0,4
299055923.0,4
409829582.0,4
295642078.0,4
367988928.0,4
353459537.0,4
396498354.0,4
299401317.0,4
299399286.0,4
178362189.0,4
317915789.0,4
418787760.0,4
371725410.0,4
364421902.0,4
353391934.0,4
299306685.0,4
387859710.0,4
180031037.0,4
434316311.0,4
297657860.0,4
289884835.0,4
418287490.0,4
363820102.0,4
170627852.0,4
104558377.0,4
127996299.0,4
149419949.0,4
178948817.0,4
404752654.0,4
290747682.0,4
416185771.0,4
299369515.0,4
385039897.0,4
290675138.0,4
418780459.0,4
179488528.0,4
175600337.0,4
415075909.0,4
346897452.0,4
418265877.0,4
185515795.0,4
295054890.0,4
176581357.0,4
180654477.0,4
353266195.0,4
322388050.0,4
409408883.0,4
366958386.0,4
364506114.0,4
289941999.0,4
403915506.0,4
161544916.0,4
176037370.0,4
100200.0,4
168720774.0,4
170898191.0,4
423518882.0,4
404102127.0,4
288787018.0,4
402487059.0,4
299531598.0,4
292067486.0,4
290758440.0,4
418677228.0,4
418629492.0,4
402152241.0,4
348431190.0,4
129646940.0,4
164531551.0,4
129768941.0,4
279474703.0,4
167964408.0,4
436088096.0,4
347281386.0,4
298261942.0,4
170311257.0,4
390981459.0,4
363747702.0,4
158580198.0,4
142123893.0,4
418725730.0,4
418787769.0,4
298284311.0,4
361471181.0,4
418199682.0,4
418102933.0,4
357726848.0,4
291030426.0,4
290736866.0,4
367979789.0,4
323478412.0,4
363522482.0,4
349152683.0,4
146294705.0,4
301620321.0,4
418732671.0,4
179862150.0,4
420153385.0,4
410833649.0,4
346883136.0,4
363815654.0,4
347106454.0,4
298511065.0,4
179487531.0,4
421432447.0,4
347424315.0,4
172767302.0,4
169711282.0,4
294839652.0,4
113353492.0,4
184910074.0,4
180666261.0,4
290098315.0,4
173280351.0,4
416341818.0,4
364163802.0,4
346876980.0,4
292050693.0,4
434378770.0,4
421061782.0,4
410490129.0,4
416346733.0,4
295585352.0,4
184949595.0,4
100210.0,4
129062885.0,4
293550848.0,4
365649962.0,4
357527668.0,4
346995934.0,4
323660251.0,4
302737414.0,4
297684792.0,4
298269600.0,4
295587308.0,4
372297738.0,4
295940113.0,4
288065642.0,4
301699481.0,4
154081496.0,4
169891338.0,4
133671813.0,4
121210537.0,4
170140743.0,4
347224523.0,4
419120573.0,4
365855510.0,4
305096795.0,4
295509345.0,4
347290206.0,4
156896104.0,4
387894004.0,4
361526927.0,4
347288769.0,4
128535718.0,4
123980350.0,4
360541539.0,4
167971306.0,4
347295538.0,4
436148115.0,4
409525375.0,4
411658000.0,4
347628991.0,4
178025526.0,4
417308009.0,4
396498114.0,4
415255501.0,4
385130035.0,4
347448286.0,4
297663744.0,4
124217098.0,4
114568835.0,4
178676863.0,4
178136166.0,4
415278067.0,4
410836719.0,4
347281910.0,4
317918738.0,4
174978220.0,4
346879394.0,4
294980086.0,4
409201138.0,4
347263782.0,4
347015680.0,4
167321381.0,4
419132071.0,4
170860360.0,4
418915106.0,4
418920491.0,4
382747449.0,4
407638790.0,4
404796479.0,4
294979974.0,4
150230064.0,4
381760585.0,4
302700785.0,4
296065615.0,4
292432805.0,4
291283820.0,4
409155794.0,4
347656346.0,4
411074991.0,4
174190894.0,4
174195930.0,4
179511612.0,4
295277491.0,4
290534576.0,4
183323684.0,4
417925498.0,4
293621601.0,4
347310326.0,4
347059502.0,4
175653245.0,4
418324068.0,4
411516863.0,4
409496789.0,4
363530332.0,4
416377518.0,4
179475297.0,4
164731013.0,4
418567862.0,4
363503960.0,4
352023029.0,4
290564436.0,4
296042002.0,4
416785292.0,4
410487478.0,4
351979620.0,4
348517646.0,4
185061053.0,4
433259953.0,4
385017039.0,4
396511723.0,4
360294209.0,4
347258876.0,4
294838628.0,4
293561141.0,4
296503621.0,4
296491816.0,4
184700484.0,4
159832351.0,4
352309702.0,4
302708474.0,4
299575452.0,4
296496905.0,4
173613228.0,4
419122261.0,4
155286578.0,4
363925669.0,4
347280690.0,4
294969571.0,4
417066424.0,4
363524429.0,4
296409991.0,4
168622386.0,4
414382295.0,4
294816282.0,4
403939292.0,4
402157967.0,4
347666268.0,4
347643752.0,4
347286619.0,4
434273443.0,4
187677272.0,4
366407486.0,4
363577998.0,4
415554566.0,4
294832780.0,4
290367735.0,4
421601780.0,4
329261742.0,4
155287424.0,4
419119377.0,4
296507758.0,4
365183895.0,4
347046501.0,4
304496526.0,4
169742808.0,4
387785224.0,4
173541739.0,4
279477511.0,4
160343576.0,4
404716561.0,4
367145830.0,4
347351133.0,4
295920162.0,4
363790664.0,4
331319244.0,4
410056692.0,4
361525491.0,4
364572726.0,4
324944369.0,4
317931562.0,4
323652872.0,4
295797231.0,4
290303050.0,4
173587208.0,4
159820676.0,4
304408604.0,4
295257593.0,4
411110481.0,4
367181149.0,4
421082143.0,4
409821627.0,4
404753153.0,4
139046796.0,4
290299304.0,4
177353249.0,4
367174527.0,4
347718142.0,4
290616645.0,4
381787073.0,4
319283046.0,4
302723887.0,4
411111567.0,4
366887636.0,4
362285592.0,4
290495990.0,4
385021994.0,4
295815076.0,4
175815869.0,4
176804393.0,4
1224253.0,4
418774663.0,4
436567184.0,4
420366578.0,4
416128852.0,4
319264559.0,4
167970296.0,4
352293828.0,4
418604677.0,4
348438205.0,4
281104697.0,4
435628549.0,4
404960933.0,4
365185223.0,4
176812712.0,4
415774695.0,4
172269043.0,4
289783464.0,4
348850034.0,4
410317327.0,4
396319805.0,4
419120632.0,4
419111406.0,4
396948002.0,4
361887865.0,4
362466979.0,4
362326155.0,4
176885923.0,4
288206109.0,4
418289913.0,4
129732812.0,4
290370786.0,4
418736890.0,4
140954268.0,4
297704288.0,4
419116752.0,4
363509735.0,4
299225298.0,4
329261517.0,4
292737825.0,4
171479924.0,4
281349558.0,4
419113989.0,4
367883647.0,4
302696613.0,4
366851100.0,4
277543648.0,4
418311522.0,4
417067660.0,4
357574933.0,4
404967693.0,4
175948611.0,4
410015708.0,4
396334681.0,4
319201453.0,4
403974139.0,4
385047542.0,4
347295179.0,4
102050.0,4
176648445.0,4
291009787.0,4
418721628.0,4
294893720.0,4
365192710.0,4
179729885.0,4
155244618.0,4
404734518.0,4
383819024.0,4
367174483.0,4
363555575.0,4
415366419.0,4
404192987.0,4
294869911.0,4
410965505.0,4
367142991.0,4
411128052.0,4
176682522.0,4
187390643.0,4
418839963.0,4
418863529.0,4
364470811.0,4
361337033.0,4
175625473.0,4
414861968.0,4
396528084.0,4
281496564.0,4
396109178.0,4
383815113.0,4
349904254.0,4
169784319.0,4
347115125.0,4
420470531.0,4
123899061.0,4
175595825.0,4
157953013.0,4
176684412.0,4
357783121.0,4
404678525.0,4
347395991.0,4
414928689.0,4
414923813.0,4
402487008.0,4
347667332.0,4
347042895.0,4
410331648.0,4
361298365.0,4
365158601.0,4
108191140.0,4
184987182.0,4
131872231.0,4
158459751.0,4
420270203.0,4
103050.0,4
296434222.0,4
420686978.0,4
419139077.0,4
302725873.0,4
419080871.0,4
365816082.0,4
296430367.0,4
419124435.0,4
300967941.0,4
288075367.0,4
173758686.0,4
418701450.0,4
436004537.0,4
151477985.0,4
169912352.0,4
410863922.0,4
347675067.0,4
436569412.0,4
433946386.0,4
418819155.0,4
411108891.0,4
385053324.0,4
168099176.0,4
132798793.0,4
396349309.0,4
347635135.0,4
137835917.0,4
175611998.0,4
347316881.0,4
418874411.0,4
290744289.0,4
289643098.0,4
393016058.0,4
371592847.0,4
347644567.0,4
28323845.0,4
150141937.0,4
417934408.0,4
347275558.0,4
188028119.0,4
323825711.0,4
157877554.0,4
381777255.0,4
418760668.0,4
323197425.0,4
410485674.0,4
363384648.0,4
332391063.0,4
419047515.0,4
352087105.0,4
296192445.0,4
179297862.0,4
173524962.0,4
335261969.0,4
319169027.0,4
296144554.0,4
404850750.0,4
178116524.0,4
363504844.0,4
411122113.0,4
366934414.0,4
410829963.0,4
396518476.0,4
420043186.0,4
404712280.0,4
281332920.0,4
385036489.0,4
347412953.0,4
299516109.0,4
385042404.0,4
367807311.0,4
353513847.0,4
157464232.0,4
353490867.0,4
176544210.0,4
233985152.0,4
416140530.0,4
356539484.0,4
419089822.0,4
396073634.0,4
352098084.0,4
291413569.0,4
411101563.0,4
397070405.0,4
296425522.0,4
296063686.0,4
416203658.0,4
128530762.0,4
347318778.0,4
171627159.0,4
367960203.0,4
365286322.0,4
173154341.0,4
404695767.0,4
364456258.0,4
362196722.0,4
317016857.0,4
295273913.0,4
419067456.0,4
306132126.0,4
133657740.0,4
166236602.0,4
176776121.0,4
353506876.0,4
362428892.0,4
296527664.0,4
28323845.0,4
347371980.0,4
416195804.0,4
404547763.0,4
169847082.0,4
402136306.0,4
416195808.0,4
296546226.0,4
396474533.0,4
156853626.0,4
347274975.0,4
143349102.0,4
417194111.0,4
281098352.0,4
186859488.0,4
410863364.0,4
304461422.0,4
296536603.0,4
292451397.0,4
281333883.0,4
351998326.0,4
419126205.0,4
418904035.0,4
301657489.0,4
187630981.0,4
418771285.0,4
332379474.0,4
410514097.0,4
364926127.0,4
347308133.0,4
367482548.0,4
364432258.0,4
296057723.0,4
417722755.0,4
275401625.0,4
421630434.0,4
363837341.0,4
295264633.0,4
418866941.0,4
366419412.0,4
353526659.0,4
178810956.0,4
418874638.0,4
139915030.0,4
347658601.0,4
347301437.0,4
367158707.0,4
295828382.0,4
363769752.0,4
348565013.0,4
321487733.0,4
304408613.0,4
28323845.0,4
346899381.0,4
178980306.0,4
387890085.0,4
418761487.0,4
295808003.0,4
168837452.0,4
419114689.0,4
347452012.0,4
295295293.0,4
385040448.0,4
347059939.0,4
281487922.0,4
281131533.0,4
289699556.0,4
417726447.0,4
124204952.0,4
129900540.0,4
170306626.0,4
404592907.0,4
293163727.0,4
347637811.0,4
419072110.0,4
396564535.0,4
365197626.0,4
348468972.0,4
295005109.0,4
404716595.0,4
363866513.0,4
356450146.0,4
297639749.0,4
129308755.0,4
146933415.0,4
281849652.0,4
418710687.0,4
181536524.0,4
343793211.0,4
396118369.0,4
353365827.0,4
182132280.0,4
415313763.0,4
353427285.0,4
301676065.0,4
299130502.0,4
178188401.0,4
363223575.0,4
304691023.0,4
178650205.0,4
180952425.0,4
419017990.0,4
179038436.0,4
418754409.0,4
380104488.0,4
281129482.0,4
420268250.0,4
418288950.0,4
404680943.0,4
367816065.0,4
174959102.0,4
365283625.0,4
353412431.0,4
166393740.0,4
121791941.0,4
179492009.0,4
179451346.0,4
301409395.0,4
307206923.0,4
290661470.0,4
181322198.0,4
363232671.0,4
290759082.0,4
281503494.0,4
396497905.0,4
364409739.0,4
306108134.0,4
294933464.0,4
182125457.0,4
139890099.0,4
128119072.0,4
176901634.0,4
177644438.0,4
294988478.0,4
436483265.0,4
377108626.0,4
299392009.0,4
291075009.0,4
410188160.0,4
